Variable1,Variable2,Variable3,Dummy,Respuesta
54.96714153011233,25.07343240331628,4.945364737348612,0,66.62332673394052
48.61735698828815,19.411105630096024,0.7482513167639165,0,64.9501395289885
56.47688538100692,67.2787224589273,2.2863603832553245,0,44.594893165951625
65.23029856408026,73.5828153838211,8.275812868100617,1,57.61141806046767
47.658466252766644,12.842753034307783,32.449012188512924,1,88.90335799791288
47.6586304305082,94.25910216193208,16.974914851826256,0,14.82275334383397
65.79212815507391,14.677415528632517,14.376182019761252,0,88.18781817910954
57.67434729152909,58.71667017709634,6.9483251407329485,1,58.19242430164857
45.30525614065048,73.81544675058248,53.69264687172432,0,35.32683787997706
55.42560043585965,88.3872211371477,10.117260531493367,1,48.74096230393504
45.365823071875376,74.2678238919185,1.8224202023315117,1,34.39074956683835
45.34270246429743,82.15552747628126,19.19787952419908,0,14.587140474809544
52.41962271566034,40.55051732885255,2.4171188974132582,0,58.39938905960588
30.86719755342202,83.3342602371861,8.469215548465312,1,-2.2289411160494685
32.75082167486967,17.210336174620764,14.161640594394921,0,51.740944637823816
44.37712470759027,90.53349904544748,41.46482004597833,0,18.27606048427628
39.87168879665576,59.28331385383626,13.60645849311906,0,26.922970101538127
53.142473325952736,83.55679929662443,24.230610241850204,0,40.12211679155802
40.91975924478789,50.70864560664701,98.7203148395622,1,64.06386355147635
35.87696298664709,67.92199256768725,2.819503318319631,1,15.130309752520482
64.65648768921554,57.37623948425019,6.424267660938034,1,70.83064756139957
47.74223699513465,75.84305695797987,10.0365272967295,1,41.7260680662315
50.67528204687924,17.34669838275306,10.95768371042928,0,64.56080893813629
35.75251813786544,15.431687559150742,10.587297548125656,0,36.84200718927749
44.556172754748175,32.23929106091318,47.63494765423829,1,71.30144539370953
51.10922589709866,24.359021210186953,25.037552323388507,1,84.88249369508827
38.490064225776976,88.46052099329815,18.72503335263505,0,12.431550397841423
53.75698018345672,29.72925886222399,7.403099796587977,1,74.73011220017769
43.99361310081195,97.82787302372182,34.721619877554225,1,20.87026146229891
47.083062502067236,40.320621259399616,62.04876787596312,0,71.7842929055888
43.98293387770603,26.390612411982936,34.429556217301325,1,63.48113049488429
68.52278184508938,81.07286564282312,0.031326624960834965,0,49.0999609292311
49.86502775262066,69.28369979507886,20.234093701342424,0,38.3212993324038
39.422890710440996,54.837614480782506,1.0497829499008913,1,38.309034420509185
58.225449121031886,59.982719584386814,5.957536464449513,0,49.588497445857506
37.791563500289776,74.72816004450374,1.2273978716393261,1,19.91805763930305
52.08863595004755,30.560926719816884,18.51649336257584,0,54.853616462907326
30.403298761202244,99.67005244510678,23.20485530889521,1,-5.49387403877206
36.71813951101569,97.73138459321048,2.43177722913626,1,4.662316782789429
51.96861235869123,68.52931177122431,9.68493592298721,1,42.97641090380259
57.38466579995411,27.958820583623062,12.184817715415786,0,75.45619071396773
51.7136828118997,71.22054181881622,9.210668962374788,0,37.71370813740413
48.843517176117594,16.497856808125825,2.579976473282346,1,75.77802293618419
46.98896304410711,12.758725198522546,10.858293283677616,0,70.66214376728102
35.214780096325725,33.19145996600923,27.820353794561477,1,48.1205914802275
42.801557916052914,51.636066106538465,1.4730958101447222,1,42.465962944065645
45.393612290402125,88.14452548675425,1.6715459112951958,0,14.941795216209885
60.57122226218915,75.44521627896772,8.763008774728608,1,56.45894943526707
53.43618289568462,76.84358690799829,56.85188611055682,0,45.48667299327549
32.36959844637266,48.29440010032678,22.08693277681835,1,37.495479453829724
53.24083969394795,41.13414932922666,22.705730233993656,0,66.45212303384444
46.149177195836835,43.393488668614246,8.985831945796113,1,46.29436691657672
43.23077999694041,98.88846073624521,18.011339571468923,1,21.823019676259143
56.11676288840868,13.609827227123423,0.20365707505086172,0,78.02808870273653
60.30999522495951,88.03283465102037,20.217306198520852,1,52.03465010748243
59.31280119116199,62.080786771515406,48.90301719079625,1,81.1697908221472
41.607824767773614,49.47538772706314,18.964580877856864,0,31.609971519920947
46.907876241487855,75.27318943736229,41.38168226475087,1,41.53788142336572
53.31263431403564,53.80020472822326,25.745135858143215,0,53.58960543936162
59.75545127122359,88.60809142734945,2.569362740519941,1,39.45955412422462
45.2082576215471,91.06316776101326,46.54848231963548,0,31.707396574686058
48.14341023336183,47.95488341861099,1.375083235802742,1,49.77536145862191
38.93665025993972,34.914501751154646,15.269996917856938,1,50.76808934202408
38.037933759193294,63.3115295734026,3.066220204150312,1,29.6806411566681
58.125258223941984,92.11270110550218,0.2355134522896405,0,21.768902967367907
63.56240028570823,28.95959701050999,10.964813712874752,0,81.38292307628645
49.27989878419666,66.06699252071346,6.992304383807553,0,36.357911033188714
60.03532897892024,66.84041980832686,13.310659484463184,0,50.593595425977966
53.61636025047634,75.98017201737528,17.217115141848147,1,46.93662021160652
43.54880245394876,21.841091661453383,0.8944893251182512,1,62.6561257531994
53.61395605508414,74.42424682138797,2.6250408776936296,0,26.53912202505888
65.38036566465969,91.81292685990769,16.357996794564933,0,45.31686479011983
49.64173960890049,26.171479798321776,8.406520323821159,0,72.43919500990805
65.64643655814007,31.378899243148986,26.125536771229164,1,99.43409455229175
23.802548959102555,97.42555846374756,21.127824425034202,0,-20.029399572221454
58.21902504375224,26.28792574385408,37.364737989947365,0,88.60002471749901
50.870470682381715,86.89465840326213,23.58513728205395,1,31.208333843171772
47.009926495341325,54.30500708032313,11.239960172080124,1,59.38594612905787
50.91760776535502,32.25079669628593,22.3538608221123,0,66.51865618938008
30.124310853991073,88.36749111452603,6.442190399602586,1,8.421164116144709
47.80328112162488,50.077472950239894,7.31470295761989,0,40.179936526935414
53.57112571511746,56.333561853672116,31.116536317006343,1,74.34846578299674
64.77894044741517,42.33100324597891,11.826962578313507,0,79.9605746426055
44.81729781726352,63.36557662914347,32.02744460538693,0,40.24347689637273
41.91506397106812,24.717148532652047,34.566948684437456,0,62.11079886084273
44.982429564154636,45.197338298658465,38.97701664515891,0,51.28596944034645
59.15402117702074,97.24710901017588,49.69059101986354,1,56.56789105673641
53.287511096596845,33.23200894310148,11.276977413996185,1,75.75375295816332
44.70239796232961,69.1062998087163,7.679948482862944,1,26.14782310431614
55.13267433113356,39.267105780222536,17.454988597001666,1,69.86260172111005
50.9707754934804,79.61258131179406,9.2779636594518,0,27.581516658836566
59.68644990532889,21.778629464651484,18.379595221505266,0,86.34850771501667
42.979469061226474,97.28389405706902,24.455357447389222,1,18.424142541608685
46.723378534022316,50.841058724527535,23.321021413481745,1,62.587487066877046
46.078918468678424,31.244541701181756,9.385770084815597,1,55.30742021744196
35.364850518678814,16.614707259701138,3.6510765160963277,1,58.23024333358212
52.96120277064576,25.27821145787867,11.26096027195722,1,71.03544809010498
52.610552721798896,56.77965537004159,3.0768778997220103,0,48.891695171006674
50.05113456642461,40.33028587881577,44.16314881074133,0,64.62215280547827
47.65412866624853,84.59950292943485,8.4892115234788,0,21.906354265932634
35.84629257949586,48.779877129562536,3.355590070503998,1,31.31078709675238
45.79354677234641,32.384284532886696,0.5155430879335332,1,67.57330857016774
46.572854834732304,65.5430487943627,20.759135160412146,1,50.41551196446246
41.97722730778381,73.60994951969013,20.2616676599364,1,35.435098110932984
48.387142883339905,25.033771711085485,8.328625342214831,0,61.908075495597274
54.040508568145384,25.08572946594859,1.4882625955254905,0,71.84651743118737
68.8618590121053,13.300428424018868,10.540078962234924,1,108.61004947007847
51.74577812831839,76.27618135590765,7.456594510565666,0,35.740096891615494
52.57550390722764,69.74240748596246,22.609530463174032,0,50.07383423123956
49.25554084233833,52.71677881748325,18.61688492011671,1,62.91968436720016
30.812287847009586,85.97534040722775,9.069813731177835,1,0.10862525577125837
49.73486124550783,82.51031376550479,4.915262984484966,1,35.1267377141194
50.60230209941027,62.6818927957077,88.5170061872906,1,67.11552232951395
74.63242112485287,88.14441524619328,12.102785449305875,1,71.74032820561415
48.076390352188774,28.52570890330914,23.312628770386496,1,76.39339499139541
53.015473423336125,20.072765745795508,3.0293216418936506,0,62.03198890785461
49.65288230294757,34.277465036529065,13.294681645378413,0,53.664583202902705
38.31321962380468,15.137817048038336,0.5584592484585063,1,60.625200792898895
61.42822814515021,57.80525752009288,14.082347389414041,0,59.399067434780385
57.519330326867745,94.29451230654654,66.49439977024298,1,49.173772129697895
57.910319470430466,13.540918660165868,9.696878895894839,1,97.24079345905896
40.906125452052606,20.989892260902412,0.7955344154956627,1,63.16229196479848
64.02794310936099,50.697912545509176,0.6289008945167307,1,74.7707004906475
35.98148937207719,94.04875157751144,9.82002725260163,0,-7.694841371153542
55.868570938002705,38.45404944790755,3.487661477022617,1,78.17485586865837
71.90455625809979,55.65113278195532,0.4725815416240112,0,82.31985146770965
40.09463674869312,13.741557314535289,28.22925808285821,1,71.57383500848975
44.33702270397228,23.350888086587997,12.269094089076306,1,65.77980603629561
50.99651365087641,98.79671106629623,6.828543456586712,1,26.841674093943258
44.96524345883801,96.86068267924409,46.06834538643086,0,16.675744029980482
34.493365689338674,10.444598284096866,2.4691084699573063,1,59.472576272811224
50.68562974806027,95.6630606880915,62.43445096281949,1,46.49290318789556
39.37696286273895,67.52079440339503,7.536582709810525,1,19.515082587138608
54.73592430635182,88.112646506802,43.85734271136216,0,45.17374834243833
40.80575765766197,50.92658700704732,18.473502413695446,0,36.46547892731518
65.4993440501754,56.40364257213252,35.05547102752768,0,72.22564186021772
42.16746707663763,53.99619222312282,82.71979192000565,1,64.82363286366491
46.77938483794324,70.01778317914939,6.804939297972234,0,28.010257596004557
58.135172173696695,22.568612928068163,64.9534733191931,1,97.23476468943063
37.69135683566045,12.697623088541015,9.868946593832437,0,63.084074206927866
52.27459934604129,37.713694743207185,9.739314464199204,0,60.14073519942976
63.07142754282428,73.4212686462982,8.322042752609592,1,62.923876739847444
33.92516765438772,28.166810691065354,15.591869937877604,0,45.606293832069326
51.84633858532304,70.60891899924256,3.348147598237732,1,39.241896570184586
52.598827942484235,97.29208414965434,16.135792845831347,1,33.00188035789387
57.8182287177731,18.451064421047654,15.604835761790255,0,82.1548432559694
37.63049289121918,70.53419064026136,28.701442766129915,1,34.91609259456726
36.795433869157236,49.93751973741141,35.87322095416907,1,35.36271617204111
55.21941565616898,88.13280289397548,11.61213863090131,0,29.124331546534684
52.96984673233186,25.94348105026473,7.200274496578933,0,65.44031243336634
52.504928503458764,72.33633570035481,6.004134180842746,1,47.08451277236339
53.46448209496975,85.43037606832992,4.328916542202438,0,29.044355794125433
43.19975278421509,95.0152797526621,1.1875191561676162,1,10.107059622199325
52.322536971610035,71.49232254606812,8.384627968339796,1,42.3936987447891
52.93072473298681,54.74572876075846,6.3010021341033795,0,47.41105076439366
42.85648581973632,65.60625161810924,67.87493564859321,0,39.23962215492994
68.65774511144757,88.20144860308464,16.315736993082307,0,55.35024322019743
54.73832920911788,61.35487719749467,8.532049910342018,0,44.872658746295926
38.08696502797351,12.734835372715317,17.372290472451454,1,53.89280882618678
56.5655360863383,93.78538259562801,2.9977851500428954,1,33.22376157447169
40.253183297726785,72.0574075928405,11.74131346885806,0,13.269264568039382
57.87084603742452,70.88620471995219,19.682524115640227,0,39.9343039095576
61.58595579007404,29.410763715794545,13.423715419589502,1,84.63138051881887
41.7931768164829,69.29969232093916,10.27589389711504,1,32.80979112836629
59.63376129244322,45.44779650887426,101.82082527884921,1,109.82663610734876
54.12780926936498,68.61096793373429,42.45780000493593,1,62.46729872123916
58.2206015999449,19.593372727719164,19.531749676136158,0,81.44254945227608
68.96792982653947,69.20607741427324,16.850462407622736,1,77.34230024795828
47.54611883997129,99.94723531935999,19.386472866399085,1,19.876603845229713
42.4626383564251,14.339083497450043,4.495700651715701,0,56.53230743612162
41.10485570374477,97.94567657991855,10.055090433803937,1,5.340023738650434
41.841897150345616,46.621716465058356,0.8051833273152043,1,36.61005516441353
49.228982905858956,88.36781053035332,12.90795258087159,0,18.908774229005353
53.41151974816644,80.4146935652446,15.66251367505949,0,34.31601567869696
52.766907993300194,61.0314634888001,5.168932109178915,0,42.49589883046944
58.27183249036024,76.46042883261939,66.50075943799553,1,66.75584174436867
50.13001891877907,89.06640051712131,48.03808034797286,1,37.531241817091654
64.53534077157317,46.37262894859297,25.612990670475902,0,80.0672990529123
47.35343166762044,39.43298454069148,15.24508526131865,0,46.414924301609304
77.20169166589619,70.08340470072262,40.79967246365241,1,97.86419551665155
56.25667347765006,82.70613477471328,2.8002433815246186,0,27.31970379399957
41.42842443583717,78.60566212989542,31.2615658285647,0,17.734966724633203
39.29107501938888,81.80322839727711,2.666532591040477,0,0.14038647522310654
54.824724152431855,49.20249833316397,31.618045343483374,1,69.77374026404983
47.76537214674149,83.60507945575195,6.452857995826853,1,34.93692229222382
57.14000494092092,20.81881498335476,41.92615251900898,1,101.29282312095553
54.73237624573545,59.00401881647646,57.663110927003274,1,77.98679503531082
49.271710873431275,10.518279444830942,3.2220685042921913,1,85.1221039797226
41.532062819315954,39.21272469102433,12.423065589182333,1,48.05775747935975
34.851527753141355,42.98153813842581,79.25304426285942,0,49.312182090034
45.53485047932979,45.655542244832986,13.210015849747624,1,51.405405256948555
58.56398794323472,72.5920486020876,39.83557750530425,1,70.63509566517723
52.14093744130204,44.97022911433112,17.770180938484998,0,51.07935683133522
37.542612212880115,50.38242603602776,9.410632425607284,1,43.33789826872849
51.73180925851182,31.378971778689472,6.731384381201519,1,77.1166183075894
53.85317379728837,43.59266124664061,4.543611058167728,0,65.77608214931489
41.16142563798867,30.454266453683633,28.69274058433911,0,51.98354115155872
51.53725105945528,16.587633139159927,9.772820856047518,0,77.18799044648603
50.58208718446,64.31037340432401,14.319125312281242,1,61.559866170041786
38.57029702169377,70.13915186995146,13.558294908178182,0,14.737319311359606
53.577873603482836,65.7541311408653,17.220859223471003,1,46.829975135998055
55.60784526368234,51.71446394205151,40.13529635826294,1,64.85218187402752
60.830512431752766,44.18072021613068,78.99381582671366,1,102.58096938865843
60.53802052034903,87.70002846146427,10.470930804973337,1,38.14253905869764
36.22330632042909,56.71736066225962,35.149354837947065,0,28.316018203756403
40.62174960084877,53.126368986675786,28.923247930051726,0,39.60770642481044
55.1503526720866,12.307785922579212,17.044215916893254,1,95.14922132154199
55.13785950912209,40.71230448635407,62.49275330395869,0,80.08322643534376
55.150476863060476,44.21760569072713,4.474737434089003,1,69.2272618203127
88.52731490654722,45.894050280721046,2.31414855639529,1,122.75371079680166
55.70890510693167,62.215513230459905,38.477763817855724,1,61.79424564073829
61.35565640180599,58.02422920541906,11.566029238949529,0,56.50135723830785
59.54001763493203,64.71145835141002,37.542276220651864,1,66.41139124625246
56.51391251305798,78.83949353879154,44.71539678574234,1,62.148801387468644
46.84730755359654,83.16871648444841,1.289865773751668,0,21.941812465381748
57.589692204932675,74.6310768603845,42.99123176140646,0,54.29628063014435
42.27174785462428,95.99713263594413,11.895707973368495,0,10.695809663235732
47.63181393259991,11.640932440872547,14.284658164922115,0,66.6942613028838
45.14636452170897,27.620018711519148,19.70169984170604,1,77.63216419476754
50.81874139386323,10.68065874803279,52.17747919129551,0,97.02108783312183
73.14658566673509,68.27272427391426,0.38602338731171687,1,80.7228885107849
31.32734807408252,90.82274940549883,12.957491278756466,0,1.2113394547568435
56.86260190374514,31.913406691866935,23.27723196267317,0,66.65457172172394
33.87284128810349,93.4331090316676,25.65360835090209,0,-4.520072566054713
45.280681342105666,15.424065126060476,23.587713314222157,0,65.52397311577305
60.889505969673664,94.09924241249628,2.8874591119061863,0,34.938423618121675
50.64280019095463,41.6460418515671,7.116237426195481,0,48.6961385201829
39.22255222070694,19.127874560429486,8.885642448186694,1,66.8974846199032
42.84696290740032,53.72845832676931,32.63747525573043,0,48.30444682906466
56.79597748934676,33.109891094845715,6.53566298353264,0,72.45375586310793
42.69633368282864,35.638561176573056,4.732301824724971,0,46.93595336636681
52.16458589581975,37.65609684336579,63.14057737900016,0,70.89041756256988
50.45571839903814,82.27233080493971,0.17805595344570474,1,28.9121079905063
43.483996523941826,58.52451490077291,122.57645987808174,0,72.27986684527956
71.43944089325325,38.01769292404033,22.590997088735065,0,96.22082043919882
56.33919022318011,64.93004049798265,35.2598603287674,0,54.44061748792482
29.74857413342393,74.45356068008742,6.980355170098412,0,-2.49007245372523
51.86454314769428,34.53616006601804,0.2883745947602304,1,58.57897568819997
43.38213535231612,47.21941913728163,26.77825756869401,0,39.69882480956305
58.52433334796224,20.96974840032528,35.93277872986802,1,108.4446051963747
42.07479261567299,26.303441458121227,26.978132070961884,0,51.39094166910085
48.85263558533101,71.30060685684845,3.082853634204434,1,40.24078377456934
55.049872789804574,26.329451292606425,28.002018472085084,1,92.5820186874839
58.657551941701215,57.26470453003542,29.30006695456033,0,55.41644148788367
37.997035929442234,73.81416355501895,21.49052494663762,0,17.69634926354679
46.654987641590516,19.618923078526947,29.058594513848263,1,84.65639134912468
45.25054688839044,61.058099766601316,37.405853493576096,1,51.419403153573825
43.46670767426288,33.09065053312274,19.01785648625861,0,67.08397836241983
67.65454240281096,96.66341877138218,1.8555714478983147,1,41.031095604227424
54.049817109609556,53.51910820479323,13.374079675752444,1,67.9172164732042
37.391160456649544,82.53932947976423,1.6165959314865066,1,12.93018014160299
59.17861947054776,59.52038879406356,10.469540696506705,0,59.10412003311255
71.22156197012633,13.907127956933724,10.454809461012623,1,117.4403319821359
60.32465260551147,66.98362380346201,1.3657876114710152,1,55.34239754373512
34.80630034045987,95.62630079859913,8.579399945987614,1,3.9898418977634025
45.15765927133749,64.1450638131698,2.3531180975614503,0,19.251372410064377
62.669111491866225,83.72699734841112,33.029714201509606,0,53.319920857221405
42.92330534381219,89.5785817013567,59.01059970123997,1,35.87392306509321
54.43819428146229,30.527179475403923,1.5012926746491153,0,68.93195443502091
57.74634053429337,29.0840355917404,62.07312468137371,1,105.17321491706963
40.730695284219166,64.98828899658926,14.787030987775223,0,26.87844912609739
49.404746439382,46.99256228260342,7.121093525572041,0,49.08910121791361
17.58732659930927,85.58751725800484,1.5995324947914416,1,-22.455754116508498
39.756123586657104,91.002081105821,13.887929935427872,0,1.5380037682940593
47.4743184860684,41.807924137244626,31.647697803952358,0,62.373913275103725
37.52216818035151,31.318350307703387,24.557557155672995,0,53.909351230366674
66.32411303931636,80.24729637194757,1.0306245899209292,1,57.431697294027245
35.69858622039367,34.73254319933225,1.5139164811650496,0,34.91928777167382
45.599555133030165,84.03528866623105,10.312518624321754,0,13.14531434551122
51.30740577286091,48.13644282838865,6.99939218760098,1,66.22920056203684
64.41273289066116,70.07949093623233,5.28932183465119,0,57.47733634948335
35.6413784882056,18.59817824512014,6.598003569110232,0,57.128831213776124
61.63163752154959,66.14733922089158,32.54010062313432,0,56.51473362874189
50.10233061019587,50.65909108635062,52.96585189086856,0,58.69184822701785
40.18491348952049,62.79476168579267,10.387329683550671,0,25.59446557191893
54.62103474263271,25.12127869703771,47.3128413648578,1,96.77295712410886
51.9905969557347,76.31863704497638,7.757289281144991,1,40.81169809872392
43.99783122841205,87.65173697889057,12.941957719790484,0,9.15831282106333
50.69802084990019,29.506582008169808,5.124417419455773,0,66.336786739586
46.1468640313824,18.614309996814555,20.459489239430894,0,70.9338026338606
51.13517345251248,12.127472744170277,77.24667935952644,1,101.80616256288883
56.62130674521047,67.77743503989393,18.50123651620192,1,64.81534055027801
65.86016816145352,64.63846324799027,8.857548572133684,0,67.05158608621021
37.62184501173151,59.2027671442663,20.872112369509676,0,26.923946713702723
71.33033374656267,30.875238650437787,2.6231568850462135,1,101.5677699419316
30.479122004774982,45.18153963149632,43.903168713326124,0,35.032844734692425
48.482149049644164,63.50287016675557,13.986683644064692,1,43.15870419967546
55.883172064845766,54.709017297325246,11.933108238122037,1,64.258535856398
52.809918677350325,98.90069681933986,17.631255210799207,0,9.511849082681469
43.77300480179406,22.27957773010598,19.60506106303654,1,75.32759933804253
47.918777496427246,72.56300986428344,1.4896397451132994,0,18.72348515096715
45.06999065341167,46.38868912938629,22.9529345904876,0,54.53588310883837
44.106352430557884,48.53796534330533,5.539635317830209,0,37.19424303103992
58.496020970210246,74.58379890923587,25.03195722539067,0,46.98662447681158
53.57015485965047,72.31925361919326,34.579614279634384,0,41.96696950950822
43.070904047393455,99.21303943319695,32.58857891990959,0,8.4936077742148
58.995998754332504,21.55548605087127,16.08161806149805,1,100.32230004007846
53.072995208766095,19.36986844457497,14.686463600932605,1,73.01748069955104
58.1286211883896,75.1904935415867,3.083452699285018,1,56.86944904370015
56.29628841923612,62.05482253057682,29.863890152748564,1,66.65534130878352
41.710049890779274,34.67445999038253,6.33286538217213,0,39.1577042182667
44.39818959803031,17.147743209008794,13.731195417994453,1,68.33666081089143
57.472936051232615,17.70924246367875,6.689159933274842,1,99.20164746829727
56.10370265433465,90.47717871977065,2.873443898145924,1,31.956027647392638
49.79098406035852,27.268059224686862,19.861151469518447,0,60.79042752113271
51.17327383308782,39.10344059039687,1.1172751945183275,1,70.40925760653306
62.77664895788425,30.399076200428922,27.617798558361606,0,87.86372404546418
44.0842861116417,41.94966752487436,7.642398651077931,1,49.36475361269189
55.470973811700375,16.248145847148404,0.002694041528053474,0,77.91669171402818
47.97807347566106,56.715381181744334,14.313138256088905,0,36.43152144489585
47.8231879677278,16.085130723299343,0.9596998472250435,1,81.26720739156269
60.9877685198719,82.03208570401254,6.463962198195594,0,46.305236270823414
58.2541634898803,31.034087371938973,24.550048511866464,0,80.68242962213284
58.135096360006386,58.601072314405954,1.2948160931765358,1,63.37864405411345
63.05478807154329,89.20711788053124,36.56911128429573,1,66.91387360056865
50.21003841632759,68.57896321424747,0.07654474392792114,1,42.331178434637664
56.81952971294964,57.966200789620174,5.66912346182991,0,45.444320428135306
46.89733243406544,39.190037780383804,27.011136926222083,0,58.26368284685765
53.24166352488442,39.97017217523781,7.603847902394994,0,69.59476438306424
48.698569456323156,70.25382596783712,2.1493076548758703,1,34.441170837532255
50.96995964992718,99.47254250990508,8.93305335129616,0,12.696761889876148
55.95157025436914,69.56552708644408,6.3049927697751205,0,44.20521444248266
41.81779316766527,60.20050756330224,36.99352274274058,0,36.414867034979814
70.9238727568546,75.75854592153215,7.518550905876795,0,55.69887436008587
39.93982618500298,51.86850510553463,31.111543154627014,0,43.544537931170694
37.85811387212268,15.412810834070669,44.48881815408057,0,75.94505228064502
61.581108735000676,60.60671342901188,11.376773450865926,0,59.340653032572014
57.91662693962936,96.18627560548421,48.14628146322393,1,44.46809047589227
56.24119817052155,25.777264812189365,9.474388211190321,1,76.4152257253395
56.2834550926428,72.10044017385991,66.52833904337432,1,70.20325613638047
49.87753227153085,28.084031979315082,1.8706048362472303,0,66.23804418923118
41.02745628514168,58.22449160257732,23.232272893199767,0,35.12956090634524
50.75804558193726,18.700880468204765,13.617023364623064,1,82.1195398499552
43.22838288487888,50.53338426323666,9.808986275250263,0,34.465542966681205
59.75119733417751,78.05469960057215,20.032173348106554,1,50.53734012170729
48.52942618497861,41.28143718150839,24.338262852702485,0,60.37236873784721
41.745028032074885,69.84205520384963,0.08745632983492825,0,23.323198411295998
46.78614158347007,81.59049647107562,3.65330644742418,1,21.433207846225763
54.12931454275624,93.44600375315073,24.968670625373328,1,46.22156526544426
44.36275447196025,31.117787366990818,21.955377703349445,1,69.21864996652164
41.77779604433569,45.938432422837735,67.65585882081082,1,72.80452224248934
52.436872114919126,23.71744119973757,28.62899715513481,1,78.93115973667726
52.44966571108723,99.32351519425377,60.226141767537584,0,25.386759683837283
44.9305682462887,93.43008711318657,24.249544057541748,0,13.52480805862849
45.289616943816775,58.59614172525036,7.077924980065297,0,36.55442583654546
52.32049937357636,85.78299649387792,2.226787564240718,1,43.08249189855704
35.51915658502676,56.8862179544838,30.449051522289615,1,41.12349233516402
35.92536225623445,66.12271192024838,20.6648759490405,1,27.5882014408298
42.81555778747564,18.021198890441497,0.9877130890308399,1,61.77296534628419
47.86552848288153,77.97433784471271,8.92731917415514,1,41.04445484886569
53.10907565598005,21.494213527171134,62.83821025088229,1,93.6455999614614
64.75356216949552,84.34608672272755,13.87899587976701,0,55.394124086125714
58.576596232020194,80.38252789033473,11.338367501450982,0,38.57671182719873
48.40061470036573,73.78702279686789,12.238703940999978,0,37.57452763813032
49.80983792097311,13.254434247228591,4.6861811850519155,0,75.23716371421162
39.97470635362191,37.28155203507957,9.199709051183403,0,40.9399083740199
49.8148686400761,33.680131291975854,9.234781689040748,1,66.31966370331264
47.11341361079862,42.41227667243672,1.0755068147219562,1,54.59963940317842
53.227185603380896,17.88784720874547,29.183119432260995,1,93.215804650504
41.727690564476774,94.32620407279565,10.774368453275397,1,15.181286012829416
55.193465142411725,59.842201664113865,34.53965679565796,1,63.293496547091735
65.32738913002578,37.49718795922212,37.988853754777146,1,97.31155119842816
48.91239851543143,45.72833653668551,4.76499288708125,0,48.18114521218741
54.01711722098941,50.24822864543521,21.42111846942619,1,56.634580848433274
56.90143991711113,64.05349000245556,12.783857155214864,1,61.64071459445575
45.987795281141636,56.4111484926848,42.431410786047195,1,52.32470608906322
52.24092481810417,92.74527758929756,4.860310939325945,1,24.13112418041702
50.12592400781795,54.726713461524724,22.652475567668894,0,40.23920752340673
50.97676098548832,99.29422133409814,18.717225956861803,0,8.604891842082877
42.26990216144534,86.62824619705862,6.9997039078031795,1,13.087754561006484
50.245101742589426,28.765946292160223,2.937564849613751,0,57.56765487610365
54.979982912454496,93.75356931795247,21.09036327170857,0,37.935880515260436
64.51143607795042,20.472975809692848,26.833875075709418,1,102.85683519337745
59.59270826085207,83.57047376420724,7.585053813203535,1,49.053997431634265
71.53182457511556,44.256096412892205,20.703321253609964,1,99.53187268226344
42.326524371119504,89.01768884005625,10.05486441162735,1,19.84918962320734
58.723206367206785,88.12510210967054,24.97988341665501,1,48.503985795407345
51.83342005738352,82.5332860105859,4.44326251412142,0,20.33333981490535
71.89802933217672,81.10273926763553,44.184627905459834,1,86.58515262395423
41.91701714644849,37.42112251882367,6.776969854692375,1,62.7498141310933
41.602781578192236,17.282735474612696,9.170546303766779,1,59.64412795557608
44.00607354555978,46.268216088864534,1.1969524568741217,0,33.86030183876483
28.76104275690193,25.61720634878578,2.364687527134227,1,39.51987423745809
44.74244978319239,72.54559800122155,14.507701759768121,1,30.861377627312983
42.40867338446302,41.1489753884007,6.228369344514491,1,54.207065875447725
51.50393786476208,97.80491807739234,36.094490154940125,0,20.979450177417455
53.41755975777159,67.68748696107988,0.2960481138888341,1,58.65919353710114
68.76170839215887,84.02325072709249,9.531513113094142,1,68.13848398491977
59.5042383818605,21.927220546766357,8.23003222683286,1,92.43918301126524
44.23096344337597,87.58130340453603,0.3903370333975423,0,15.291565208506661
41.01585328651642,93.0481471462055,2.656196466091774,1,17.716437989044874
54.919191715065054,53.83557269370423,10.676518109514909,1,60.07710467956789
36.797667929793576,64.56276439758797,13.57954438467984,1,24.995343909072915
68.31458765854353,78.83288208126959,10.360017664794439,0,55.78758464521316
61.79440120721287,25.73547645343713,15.140392750266452,1,98.52706674098297
45.30824347895295,55.23094688170982,18.083867759270337,1,50.42116472228074
32.868654709091224,45.87967249950818,0.19946780916305434,1,24.362069245775036
63.538723741654124,23.17365929460242,12.475973399332378,0,83.815193906305
48.85460154747382,43.07809800623783,66.20844442019276,0,67.6199027249302
62.378163119734616,16.135507844694423,14.63910243169651,1,101.28579189619563
34.05572341205633,12.323071625453828,22.63566426447793,0,64.11084514355925
44.00624977046227,22.16496602393405,7.4753715937976075,0,50.806570205083865
50.05243699718183,96.68036004302564,29.74364261341995,0,23.853442458860155
50.46980593764742,59.45765823055153,29.649188529793598,1,65.42467024566459
45.49934528520756,96.9239945037898,14.733458524055132,1,31.179508059489
56.228499323474985,48.924809049711875,74.6055516907169,0,75.45506104170943
39.32379570617405,38.06345197767336,2.683208145687498,0,40.60338688219698
48.576205149787064,55.55276765562197,0.341858401169344,0,41.92872967208926
51.20295631711899,49.55605197696191,29.407281679195655,1,66.91479125333029
55.14438834058749,19.509821583556953,32.91742616131892,1,93.44070924459052
57.1161487808889,67.67436832211857,2.561377737569413,0,46.2504556146214
38.75357908162131,29.443436425863965,6.173561286960697,0,31.71080108431697
34.65885829264378,65.76291594080466,0.35416465412930004,0,14.470843126954353
62.77676821898509,68.51809831583381,6.943224317033132,0,53.91634032081374
53.323140119795916,23.68223678157833,29.66860904256224,1,86.19535266146639
42.51513463443446,15.521466439960134,14.5945855114414,0,72.52036207570981
65.51151975522524,80.26854274615958,8.557146861866832,1,56.27177367513344
51.156746342928585,51.382038139238816,9.296001263187307,0,46.54111325055675
61.792971840638266,15.234741595492821,0.027090853886956295,0,96.99103241130217
50.67518481410109,99.53796854527904,7.127800478224141,0,9.314232858674252
70.60747924881987,15.200250489672998,20.795101731210348,0,103.75899763513912
67.55340842443204,72.55317059726978,73.14330908570359,0,76.75075882711603
47.51035851520926,98.53110327370723,37.55429997249382,1,32.763727883614735
59.71570950954356,31.526209379433304,0.47755566831033,0,73.6874969359717
56.45375949585147,22.802443181847657,45.765874984445176,0,80.9855647760561
63.68631557532349,20.9246445480186,30.575453814203048,0,92.3940155079972
40.35076539419896,37.294763281083604,30.31677696697999,1,55.47807471857286
56.86051459998439,19.0941229909582,12.249629057128919,1,90.21366929732929
60.58424486849588,72.29452075247187,10.150132519903913,1,60.44446082513383
32.41260513576886,15.606261831705641,7.21697939964626,1,56.95064702079307
38.16741487334225,55.84799153348107,1.3590438126854174,0,14.685182610140247
29.607678222398995,99.70271684676791,5.18151300866055,0,-13.506225618736591
47.305931655554424,83.25732425554169,5.6632761700186665,0,20.640597585441174
57.17542255795962,65.36974944079098,13.23595769118734,1,65.89775677371148
65.02357052096028,37.56282587079505,27.522477652134313,0,86.71911260397754
50.74094780419775,66.15062526624746,12.841851772313097,0,44.16515434029615
66.28615545571292,57.433731752048644,1.1916978012496817,1,76.91585685476088
36.198985417851084,48.347504550133436,63.301868087935134,1,61.176914149077504
32.96617560644845,21.76393390661795,57.197583247040875,1,68.98503782924128
49.44452301103381,89.79437937164201,30.759984714558357,0,25.049138138554287
53.840654489393074,50.48061839391902,94.95288966719886,0,90.27258936074037
49.67305251905907,27.516026063868857,15.726415532925795,1,79.4114708051576
29.325578999601234,43.09834157895607,65.811921595658,0,41.43182797785207
49.10879960487212,47.27167772760343,1.5723170689833965,1,49.66319803598912
36.95530499495147,84.47841060101868,9.104057992925537,1,7.587749382274108
56.69672548830039,76.02529425052619,5.107686587971822,0,39.823265644183074
53.66598246096848,79.23744042772059,4.358968491046164,1,42.06806192820336
40.60120213672645,10.992813798578249,3.0351397474217,1,66.04676264526982
44.861330826633065,47.45385983617854,19.479119447839622,1,55.62294368703681
39.40786478111048,53.32097364717912,30.403085822463197,0,43.85117600559728
49.37320902726828,11.727304914075102,17.269146453916534,1,89.5084564099763
59.551423205012384,33.38318878705308,3.179040313356503,1,76.20757220182468
40.14273953664456,78.42608408099215,33.333266916293084,1,29.75828638744554
55.040465155178445,22.339873515609916,20.209539764347937,1,83.96081579688229
44.69742381627559,58.17791183073325,9.825875895555617,1,42.330860629523976
42.07127167737656,29.368168481551375,22.42515314134136,1,62.20865719323307
48.929696400454425,11.090869717950394,6.019533891974342,1,80.04856805268864
39.64757677580626,31.708131183958734,8.468270689879256,0,38.54047768203506
44.46350694652818,97.82863794190484,49.895708039254096,0,17.54565286464415
38.021221074111516,82.13834006946907,6.86402265780928,1,13.791162175645168
69.6472513291639,96.361897988893,12.697122742597884,0,31.179441774288755
50.35263551971729,53.90686395337262,44.17117608523501,0,66.3103614602939
43.00274492007414,19.876257880975317,24.600953036874643,1,78.41487104557423
52.13979910734222,59.31635400763236,1.284440249481455,0,40.19207930589013
48.8767195030917,50.89396011039648,3.1870212680931154,1,53.739508806490946
47.79030400466777,85.99213744656544,0.1574499544794723,1,20.679923044161878
56.14166700043425,18.827432270582015,19.93493413602983,1,100.49239254110724
57.57507710047305,53.94170233196004,11.872315740204675,1,76.65156221426453
44.69498852389472,23.50437982245858,2.88375601180207,1,67.23801235489431
44.2418175935532,39.22083342010539,63.370366866304444,0,68.03690627707408
47.24948302848356,76.36213696490196,15.085977092569253,1,37.822955689734364
26.98078835264415,52.84163164318899,5.538622606184095,0,3.4599999662095104
34.84808937801448,43.82994566311924,13.887101041050311,1,38.69818557033506
63.66874267444525,45.50286507130318,22.764970525465124,1,86.14023945325498
66.44967713501283,51.350209156538796,1.5860426954010163,1,76.93244350784518
47.50963960443622,80.65148894533512,6.423503531701858,0,20.64220181725512
55.765569630557664,90.2876220046211,32.89772604701704,1,44.85933906916127
53.112501545435364,95.98012178535355,12.311314431146945,1,30.771668908422352
80.78880808455239,80.82130476297655,15.81860255211607,1,84.61517201086723
61.195749114345766,38.38662061732114,11.341430336046226,1,78.0223930082247
48.72082408519233,71.93212354778879,0.8978541780031406,0,24.41302515209761
40.44459559399574,49.384281164985275,3.624437948503873,1,35.762306631555234
33.93553679742428,32.92035598414461,11.795271348445521,0,41.286715160199854
52.03463635867223,85.67844214833303,4.69383616498048,1,23.956961174467754
42.436492547156966,13.458371406609249,1.0254243907225369,0,65.30945786991036
35.77746290402326,91.15857929218812,37.11312092774862,0,12.920872116142016
43.534271157574736,51.53297181622607,79.47002206390479,1,66.5584301492622
39.18451996385605,67.34813291274523,31.514538731354847,1,23.07176308713238
66.87141635072564,69.34185299852044,38.453532045389565,0,66.49733423090457
58.816397569494505,90.56059666358827,5.5408344541842265,1,41.17350821954115
49.92027358683383,67.30027139504867,64.69348709717576,1,57.125275433224836
64.79944138890026,65.25402262840555,4.386160936827564,1,65.26110255547356
50.77368307647618,15.998683650462096,60.49490636404103,0,95.76089396291987
41.38715798671736,56.656721975068365,105.2562786397859,1,72.32255100097265
65.23124077269657,23.51521007353375,24.876655633693638,1,99.2263902257888
55.38910043684659,76.3690391849337,79.41819778852891,1,60.46278671439781
39.62753845673544,56.0999728731407,16.858007251188127,0,28.593642261212246
48.09661321916392,71.2205001287518,6.00972144984639,1,38.02620227682136
41.24381746615243,13.750561054214584,11.489366859856192,0,63.16813945605188
36.172002690356635,17.63128144412229,18.006425275232356,1,59.64145104438076
59.26177547531641,74.4691049256414,1.5177940442768776,0,44.777125855118
69.0941664047013,16.487590239880603,19.47539206789902,1,122.61832425980637
36.01432426180859,16.413105498873275,79.45440415750777,1,85.44613890297525
55.62969236690571,11.08976277113987,4.217078822306674,0,81.70638572059879
43.49357430878173,96.0851258469532,31.4616487231249,0,11.503515631976367
45.12874616235304,76.37575235131062,47.697344779025144,0,31.755930360420322
44.07606075761131,41.79262676518577,57.54178071784992,1,75.02499117840262
41.36009230320184,36.68820231588897,64.44543388896398,1,67.55545977061317
50.48521627944827,41.47329067712646,14.740294441139088,1,66.34472282252554
41.69049883588962,79.71881780630636,75.71477569718712,1,44.702998007981535
52.704568257798385,69.5233549963373,28.31942447448347,0,41.37741026754885
49.49761890550863,26.667601108072112,3.5269034896171254,1,64.7748508900771
47.6105195313359,25.66984018006759,12.959656642766406,1,73.9496606818748
40.92436337958402,18.85560847420576,25.34046557842504,1,70.4847389516826
44.23228669431667,69.42724477312044,5.682841999595918,1,36.95541364735234
57.55391225825756,78.79353959995623,20.467231049227056,1,49.64755844998926
55.009171876243805,33.85417854925036,21.968274910379257,1,86.51042179706947
40.22444755201449,11.885046492782154,3.551450875970192,1,63.698705139806066
50.99332305429226,17.39545007287846,16.65210775417316,0,82.86900327676489
57.51387123371789,97.10740313605274,29.53549264082792,1,33.418089898446986
33.305947188786284,36.59002997296783,13.81881890319872,1,45.66539579584602
55.43360192379935,79.23008330543203,0.24353911775400666,1,45.139559719855924
43.37376241054153,66.21972119688374,0.1815912770180857,1,29.78353082139469
55.70598668593159,44.37456756876063,8.833123836402134,0,62.26868957099066
42.367408434574834,28.51185359759996,52.12632354104804,0,70.6283055446575
31.95117899335481,20.92477763434658,5.192955419278339,0,28.75321657500279
33.72457562116837,65.35116712349799,20.1223225011044,0,18.391467233089358
50.48084946661382,79.71704025740092,5.022525594610194,0,13.95974959647275
52.59722501721482,67.95138281870176,7.762427370931114,0,33.8302737463943
40.956833748955916,57.727191992424245,37.68303403508251,1,55.476958263766385
56.38592458777374,13.775610108847264,26.102506112527944,0,84.85780147226563
33.3847993773104,97.16398998349455,2.00523246073338,0,-18.20542400630542
49.33920201352684,81.88427724891172,11.196887015603572,1,34.05918640580972
37.889838002375434,36.35398330308683,0.5920731960450427,0,46.90412234103364
43.48163892197841,98.19732964229655,13.112795092716114,1,6.259754925144744
50.47398671316414,64.16934306726898,21.71988533791091,1,47.05185596583446
41.39586634716048,62.418039238652185,2.522665068739168,0,31.645129990204076
46.154444557701744,77.3265861486579,6.818420646540689,1,41.43709444414297
60.0629280921444,83.05928092811239,10.144529685657007,0,39.479098272783624
44.23108130476851,69.08307465983523,50.3976713659422,0,31.912507592417548
58.35692112065142,21.528617172958,99.97912151804701,1,127.93830362436644
38.702931453423815,40.44407553950485,0.9190212436336548,1,52.99146263431841
55.298041779152825,93.52752762934448,28.62649760601149,0,34.46047754880272
64.41568620657901,30.215405065946673,9.29551648610978,1,89.19938896485168
25.283554998727105,43.4950321453762,9.966685537683462,1,25.22366895344217
42.03104744529523,48.88691946497764,28.070029019906837,0,41.444935843206395
55.7707212718054,49.5464490725007,50.12499985674345,0,70.66532403705854
47.96954613957007,65.1645624245073,60.28957573174412,1,66.68100542237991
53.71145873371309,94.87682539702368,17.213458868909274,0,28.714533189012858
43.960148132841795,31.662344064925446,8.83598001298828,0,46.04049497278757
50.865897874729,20.935123867082623,30.980886191541973,0,82.82100821269596
48.44322764607921,27.77234408739436,5.780362845575456,0,61.52397016168118
61.67782061659807,89.82324101883425,16.60565681903547,0,43.05748823671835
52.54420843301213,68.12297313896855,8.88136823753307,0,46.127346219893155
53.37602662075202,35.73161103152441,21.378996459755875,0,60.907709899419956
45.881230338775325,83.43522450717555,5.499237377770193,1,26.887831672938855
45.123937759275066,87.52329967270924,4.253791345688852,0,10.038461514926716
45.67441812180379,86.18629048212502,50.07911963579374,1,30.365662609129014
53.944521423782966,92.7033880275599,2.1473323740758357,1,33.40216011662988
45.79015519179737,32.701691815602544,14.102691168196353,1,77.58263862515528
52.89774856896413,77.95377358716505,4.991105377810502,0,22.07592423324506
70.75400798645438,51.4485547546726,0.794159874277333,0,75.19386855844661
58.711247034316926,85.77986976010554,0.733670112226542,1,46.44377742844335
46.73976467832159,75.5641609445452,3.852814869166537,0,23.98596982533162
62.012139221639444,79.88027018497522,40.313619637414455,1,63.630465331622155
45.91924626978449,69.05456539129644,6.639054133360989,0,21.03630805354841
29.61875464822146,25.968589252273617,60.099162250715196,0,50.44380188565604
39.91913689082596,59.05242270072445,17.427412983477275,1,34.98641345569538
31.292080789741444,98.62027655720574,11.475812196301753,1,-14.602937271434088
46.48486515958692,94.36492598474071,17.354242023882065,1,29.851083259795153
50.184183791895514,13.885636221731051,14.54228717990173,0,79.71094558581225
66.76437312275283,24.833333415649342,28.440607370986967,1,106.5537133887262
53.269273737641626,21.85558961091057,6.639536967974529,0,72.7422324102459
47.80899471191136,75.3381918986766,8.709737450452531,0,31.961269037506987
58.294055811834895,83.60067968712505,44.904124547610415,0,48.513543584938354
27.88864690992115,29.216022967960473,58.54522233888301,1,58.46540876278087
52.356145581085656,55.52674236566461,44.616124583946146,1,66.56292508647786
57.708651938869664,85.663272521008,10.87551786994988,1,51.4212611974536
35.214137542201584,75.95213902896255,30.315809831030545,0,15.353380572001175
61.43754043206929,58.80134849426634,12.938090248233634,0,60.84705349461696
53.38496407494414,63.13129214128956,13.764778998947392,1,48.66466986963758
45.847120860991986,55.752449222465195,4.580217334320902,0,37.55281130756716
56.32781866106285,36.77936061869385,17.887175271479883,0,64.9525535524803
72.70692857804396,60.85197935731145,4.119237549486615,1,79.50836494915143
51.81866255058495,71.99967718450816,8.056313391458367,1,40.66823567257863
52.48220586300336,88.59906242747269,38.624596905807095,1,37.96016950752016
45.40639100459756,67.26622185813233,4.640553198262062,0,38.03925418076714
41.50155630535208,78.50093833388422,1.4763387400605255,0,19.401274556269335
58.303358165442454,24.40644714591157,1.4300831413790926,0,85.40138669916062
41.43916174091133,51.54017269778109,56.53144586567092,0,41.92558038484368
50.715662372193925,10.839845784438397,14.14169469031599,0,78.08437866583327
45.223425532348834,32.20109780694607,10.532734996033275,1,56.9866522064505
54.78979825746392,75.38155436017044,33.30732083323666,0,40.931331198062246
53.33662105286948,99.26289562144271,36.13655997761939,0,21.771237720497275
60.375399442578995,18.92602896284943,8.075062481257753,0,90.93531766645901
44.89983601145253,46.13448842751594,23.658455543326976,1,55.172000390406936
47.30125064706629,82.00638718292436,29.49139466118524,1,42.73672000937804
40.21236284217693,28.363207116600897,21.26397744694441,1,64.86409696367069
45.55706739923888,59.95764543720576,3.2879450205609864,0,43.86982655950653
53.77300493044852,75.97641664267073,41.73062565483896,1,47.59798232655635
57.56988616645352,65.43869052341611,15.491247211418475,1,66.49128624564854
40.77834675822375,26.922226115387453,6.638878038808874,1,65.04582962021071
58.6960592010566,41.984611181716545,11.075643223755362,0,62.11065975137477
63.55637858804951,80.54126060368574,0.7659015140540455,1,59.22112259607627
54.13434903223701,59.8803862718815,2.73626231693328,0,46.78685666824959
68.76795812558066,10.470665218862147,29.009981470242806,0,108.3880846764733
42.26210800896427,78.48916840252845,0.00023269646100864647,1,19.33113650575479
37.55345296688583,13.178021944621516,10.776473004265421,0,51.742958733127374
32.212797510957216,77.1160404458109,14.784248818677462,1,24.02230307890107
64.96044311489183,28.223250414871366,1.1236713831299383,0,83.02490489165419
56.54365656354058,96.22661321074422,72.29635072557551,1,58.05641082311986
49.44415329089545,43.11466761718761,5.126906903662256,1,56.56953776707276
52.799686263198204,39.42384547042712,7.253823522683404,1,64.87971989119517
38.74510952701623,23.39992452992002,7.246460494479172,0,54.321579314173796
74.45751979616827,37.50437939411934,5.238120604507893,1,95.25676924196357
51.292211819752275,88.89856856453805,0.02949818460770116,0,17.64210035030773
51.09394794604893,99.67009038645226,26.138191421493747,1,29.883453130366092
57.25766623898692,43.14785774561635,68.13153637805497,0,81.6793228591657
54.810092317367136,50.37495678590883,5.07962060888422,0,52.581088483499
52.23884024279131,74.98638443824633,21.756247869211744,1,49.373764523657684
42.09525544554688,89.75762024185671,27.08787882561248,1,26.90319142579343
54.714683571359956,63.37399007681057,37.7335445607407,1,67.70348339879139
68.82024496475034,45.23731283600464,10.985411587744512,1,84.93085289490648
63.454200461549775,47.13596567637614,7.217414841186985,1,77.93057368157349
65.93186626639397,72.60563318471262,7.869598386292708,0,61.40854999556462
44.88784323568815,10.289643724385082,24.939090719848465,1,87.08397740028657
40.10395179741419,65.76304037138567,33.94129501260106,1,32.43989068252631
48.74213079900352,41.99437093972217,4.008422632832796,0,51.67706283231061
50.557249122886944,81.47775981493758,9.270604799335608,1,26.691497006800738
60.94191518470949,18.369157584081893,46.44355498354066,1,107.72220347357093
33.07535370285181,62.93820402535515,32.86956737458742,0,29.905993032635227
65.29550319460614,53.28756008975114,83.80619077364753,1,96.04435637483274
48.419921014210104,67.80929733147048,28.06866876640082,1,44.412358791748154
45.7311893005258,15.836823503467151,9.990962457673287,1,79.32844514352799
39.87895624739832,62.198540868531815,17.86310046599916,0,18.924378326876727
33.451433281342304,60.533612916357136,21.635944408258485,1,26.130629053615817
58.231705839619146,60.459408497455385,1.6340911090966224,0,53.498405831847705
50.73317967188404,64.31388999368093,15.72705772704821,1,47.62673459191685
37.10039100258946,70.8821143503726,24.710702467136553,0,17.26646726270948
37.04921227936384,82.44900997126928,3.662148606258894,1,17.679084572610115
46.64215300709872,34.28386481153929,30.340066119482234,0,62.174274396098056
66.69021525289392,84.25444691620558,17.530479342938857,0,52.65044582235565
47.40408648636395,54.843011403710825,60.82371022221028,0,54.26752341726124
34.96857046881894,16.935245122089803,0.86696821044225,0,47.708580157243006
47.54256935914056,15.269583631958128,6.166572056188761,0,66.85645371269798
47.27276430252329,40.08144868264547,18.403659903244876,0,55.6622583965355
23.031133570584284,80.64072794003208,7.035451382092704,1,-7.275833913108106
49.45705133482188,73.69128412668242,25.06495320377518,1,44.20831920278998
47.69065469791322,80.97534682051658,28.459605298196955,0,23.44133189920725
56.96206364813418,56.55421507974484,2.1631989207718814,0,51.32906654258028
68.48956094945345,49.61790981599415,14.424944870901516,0,73.2742836961105
61.26565029547757,23.270727403565555,14.22176549979631,0,79.30526365984939
47.31111309445169,39.53734782483804,9.217889523745136,1,62.349198760691394
38.934740912583294,49.061742955648775,54.03883667534351,0,46.33424118181215
75.7335980324986,17.97403867116555,35.14789360256164,1,130.47730673444337
50.59218434014488,29.855075744009014,23.894274834967597,1,75.00237809202581
50.13929291912946,63.840276465736494,25.058124076510992,0,45.07844730981573
49.758749128899964,76.20968028152708,12.387384884585517,0,32.761550823024955
51.98084760767855,99.85127602536546,50.76476151424075,1,40.52867568719219
48.556395880760576,93.98019982092019,23.722358266684182,1,25.036893012491262
44.26337993119763,67.83086795816723,26.111331547105664,0,32.49367920156704
44.53141058759608,47.91232479646648,39.56528541743144,0,51.948775629370324
49.672467297840015,67.25596282374094,6.40607753857549,0,34.38724256625373
44.56575228866235,80.70864562722087,32.90865070249198,1,24.792783412831092
42.871542173228356,20.65025718310486,4.3442386379806655,1,66.95785294293073
51.064302276918966,46.891440072665944,8.47284488332029,0,62.37695402649459
47.450227825791444,85.58220570720555,8.177732725404557,1,26.920921217479737
65.0399298858269,44.54496567397396,76.8177524450523,1,100.78335910119766
23.490301916069882,61.46850441044679,38.83359352744885,0,10.724320643583715
60.91506851922462,62.89924247759784,24.15759931969776,0,61.15230389276063
62.46085192497629,26.602862782027543,25.969828468404287,1,103.8238983076485
29.266097675918505,42.601189748705956,16.51405159368262,1,27.74318838834394
46.573124059196516,40.1060159867739,58.78351061018403,0,68.07742934398323
46.28559134004209,12.35770376788583,13.713850826421117,0,72.84425992672669
35.924883052821784,12.177258750221972,9.577423313643417,0,52.52573776346758
42.22183312409125,84.85273393081961,3.5594685588030344,0,11.697113091812518
38.894241545341714,34.576372897553114,30.8548143576624,0,53.541633005015896
67.52270443423623,56.62708896149339,26.518585639444048,1,88.96224697028445
59.35678393147461,36.88530162298957,9.701696856981686,1,75.41087725784507
62.71555094994159,94.66113206038065,0.5103240190878215,1,47.06442212214969
57.21672064043235,33.336708297919635,36.52668632221283,1,88.12394802360603
38.70948228782771,48.66911314650416,0.2296733820852711,0,29.429116733891814
44.75479733720226,88.54572254361416,24.327641613204758,0,17.81446766424338
54.89374561227918,85.77402101126278,70.30330315879624,0,47.638579714182406
37.778721911080545,26.749127606164958,11.513019832739177,1,62.35613697766243
57.12998430172388,82.23789788161393,5.356893620974138,1,44.31692622250226
47.59674601841865,51.23681980641034,24.406855282395963,1,52.25367110594368
46.251791924504026,53.46719848768197,33.97939202018651,0,45.17681727158597
57.10959968203491,22.01319751743494,15.812127263778011,1,90.89227302403368
54.4426331148604,17.254136238141218,68.24634472806166,0,101.2060316454955
46.3903383418092,75.51453762763887,1.0610277608512328,0,25.059112926366137
61.59329803364248,54.68150371197698,14.055693378571474,0,59.076926071916056
39.189366724001026,49.31656323536616,25.349184946995564,0,49.293160888738356
56.15935606944264,75.65574057871571,39.70306984861358,0,49.51481320853693
55.93101257968384,78.89616090919988,3.950871203199098,0,41.23142128404064
46.904535606860094,24.30173509024182,32.18910642808085,1,77.24374860765897
53.26133022242118,64.92026345298771,16.090831747996596,0,46.941856664466606
37.488864236146966,22.1818674049917,10.101963870055586,0,52.933920854334964
59.24027019206901,77.62375774261412,2.8247062022898546,1,56.46216028773188
48.15097863557011,69.12596406404256,40.0934742120851,0,46.15317689904203
44.772769794809605,96.09531589751121,3.4222492775262197,1,20.280093347579314
60.49009225836889,16.206221472077907,7.415125564448649,1,95.03988737046285
42.95656309457241,15.134924903612887,6.851088810554416,1,68.03699364271561
35.91538703636441,35.39683672238802,41.023152074006205,0,48.065278022697846
34.433708264760966,33.55351153623154,22.337744914522588,0,44.5300681578415
56.06009951345639,32.22809191647998,31.859621166212815,1,84.97476777462941
37.19570647503717,91.5629122468933,5.766122643864525,0,3.755217761461733
67.54794181984364,32.45915798645555,19.609871499531323,0,96.74654731653688
29.18070592116278,34.47547535157679,16.96077524245072,1,35.144854113008535
66.96456368290038,78.34584361761674,35.77492548385835,1,67.15262911819495
52.11017467202618,50.4765858205486,47.30774202420149,0,61.32209924638902
49.032868881296075,79.9039501259663,0.24462538817942497,1,34.22798919116751
44.550809131910505,15.882954180794671,22.41838001779072,1,74.81082470781143
53.991361143520706,53.88140743060459,1.0645516809244548,1,65.35043541247092
49.62365297575152,13.025224016495436,15.919492147397792,0,77.21400460389206
61.03301882016521,15.638788310981907,6.78323341139772,0,87.83458167718351
51.142276486620396,91.57937080099698,7.328059290589238,0,12.62672533706684
51.50301761461878,22.532083400583566,8.706896993582342,1,72.51505805745683
46.36387787786144,57.91786140476954,19.419820102765225,0,41.234306115692085
49.43054376278933,46.99860423406359,8.13081269565668,1,48.02305835826229
53.07801768892059,41.26089936329584,26.387602079855373,0,68.71386465125076
32.89831607343375,90.98500111185452,10.367997575476585,0,-7.022396617366158
36.518145778942866,11.964105709794055,1.4160301282717758,1,78.04261855801366
57.43264094022715,69.74107175580302,30.627312971666672,0,63.057986325859176
51.708654381279416,96.70549907921954,6.730677859034277,1,25.981090227938157
48.16016663647321,60.41513651156578,11.339698253218858,0,37.81987885992285
50.184339330653934,94.31402158297827,23.131855740636517,0,26.174158180097223
53.47581705361671,14.703209135742139,8.083004173809956,1,95.86224348713874
44.60240319690639,47.69139871667453,1.1649940764779618,1,40.678978629450725
42.216952745976876,33.414201186584606,9.365575857042947,1,48.81328371869555
51.958452550976816,75.77388684826568,57.80892498336065,0,44.128461499915545
40.21627222384968,98.31673814475221,20.52961321342224,0,5.575263514343979
54.082527557144715,33.0877056199823,22.26309937390083,0,72.1256951664377
32.9741639576216,68.8757141326667,20.00878713472277,1,27.59973945890179
60.29155637325644,27.82878694837661,4.437690358575452,1,81.29000316176713
54.72597482413043,60.879722911444894,10.837172910217845,1,46.143588756405194
52.56029734313876,51.75392380195026,27.80121276197348,0,60.24313415844573
59.82690983945514,97.48047966683833,2.1377424410872727,0,23.004370359895894
66.65474444462576,64.76745454268199,6.5105249928659,1,61.50561666297784
60.1437006501813,41.455573487813695,6.46809482616204,0,68.8623967114479
31.591257686683548,20.268620639914005,11.313343680919619,1,55.5587336274548
37.204230332642986,23.612214586144113,78.61264266559311,0,67.25130242773515
43.75181422304321,30.27852369561116,1.3977771699224597,0,47.56284596770131
50.26091050210834,32.58699952062682,14.625331374118947,1,71.17125434022988
55.17659020469123,86.5554452057024,3.953529213510226,0,26.509218615094326
42.742561868465344,60.510050945427245,70.58735170451547,0,41.19277709255276
51.86766764477078,57.10518202369298,2.40505050311085,1,49.97598581655218
42.44617067646678,20.32919846822957,10.336907535594776,1,70.14628887268697
43.884821970080516,87.41257240144915,26.779437647354165,0,19.280656275195124
35.93338903151778,75.05328728876353,24.38541297406312,1,24.51870536719524
40.76766753889096,16.090152571000143,10.988856460398193,0,53.20930903748889
36.48315394383666,73.70515875067917,8.508994578636408,1,19.776302353192154
40.241267470226674,58.918439560838145,10.137083028682518,0,16.2747931891438
60.536417966078396,17.355281117210044,6.138011765400787,0,86.38971701611776
40.50601111168057,51.247057737579084,4.59664085742675,1,48.40935704751136
76.32382064837391,53.622665841704226,13.195783837367603,0,78.53793937436767
54.93317900880889,24.91970861469482,6.254084119078702,0,68.9025593520618
51.84836123694874,95.11283323002542,6.778431292674276,1,29.872621875758263
41.41642219818787,86.49778343325957,21.386277987663682,1,29.256281462436633
57.003098794089915,70.21201035961974,69.17907138612631,0,59.8688392737382
44.24362173762226,51.606600490054646,18.508506538853347,1,47.332112578721656
51.220098146453616,47.05889874260576,1.602075977198902,1,49.524925180935654
75.60084538268795,68.58761204358588,1.5718534897710215,0,71.37868633699365
49.0394010027535,59.088868246621495,60.4921931486486,0,65.55493187680851
61.49273326285676,15.604579529369705,7.0562422943671885,1,99.81955922185989
42.96823574874112,56.12523838932985,1.9316935264161352,1,40.632799912587075
49.65011509503038,82.57632555095556,18.27810095517648,1,38.76558659726456
67.7080063563551,51.33158898372623,19.544649426011677,0,76.43783205398479
43.730329422122324,14.676091979884157,20.911185616462635,0,62.53051357090271
68.12448557996929,80.76503794456298,6.223163933391319,0,56.63455056716576
57.07751935455475,28.122740392237695,0.30452027769782225,0,72.15052445613387
44.37533224105732,33.275875139923485,67.05692882415926,0,68.4750306705556
56.32407739055521,24.823571808906628,5.7774701903853165,0,68.96602674032252
59.7255444962673,39.71935583843478,22.541858048923217,0,80.06486473184736
56.21809962217196,78.10763551197715,24.52640448900152,1,55.33323964823995
34.297752801095434,56.744727355354364,18.832551163836396,1,29.6104812152095
42.728628241751316,28.43931467356413,7.505723969681784,0,56.446263550446304
47.52481364448495,89.00470703368367,6.324271820651319,0,13.393352897418223
49.25566570899954,89.16236694563763,18.209567264407177,0,18.022694418319933
56.206720975506784,88.35205825414062,40.21258834987981,1,45.72890160292425
51.777010009332535,31.491659024338535,58.649039218851264,0,69.36072269717675
36.64655641289899,50.61154097628893,2.238882903148543,1,37.57113270898182
53.801978510059634,98.64906905267875,3.36431693726194,1,18.50219011770116
56.10585745283823,79.48112286789913,57.91276519397839,1,54.75361057359266
55.5979044793104,12.445067910300384,26.676712276174452,1,87.31038281921502
60.807807255546216,15.868413213444285,42.91057132688894,1,107.54664456802055
58.33922154548904,51.75382391310995,4.528795410999841,0,56.888191900997185
54.59180079228437,91.82981852754041,17.71454534529418,0,26.287710756804703
49.29834288541353,58.48316181574428,24.155573711421624,1,50.0430846971729
33.39039066484008,54.80312572308612,22.795679726983554,0,17.700933142011714
54.296182191325855,19.492632996096752,10.490098230078868,1,88.2683089764776
52.076876871631114,69.11020942518647,0.31029246928829946,1,42.0784967920602
52.715788371953735,83.9892844540203,17.489835021813423,0,32.109925554341146
37.232514241796906,44.23780067568061,5.83652064757029,0,27.207023653368907
39.189434595917376,79.80506658327947,11.965987466954006,0,12.415715239522049
60.53152853332904,96.80289885107304,63.20318519001087,0,53.51260934782601
49.60444846143345,28.338981321492017,10.184382219394244,0,65.55552943488796
56.81500697372624,57.09966680752672,36.626845470288835,1,69.1787282453249
50.28318376130461,35.8424162276118,4.178418623425931,0,57.874604721436086
50.297561394957455,81.35689771304554,22.32293228925945,0,28.99006750743108
59.382838059759976,61.98340292930418,75.45126951371329,0,73.36065681671465
44.83955271782626,67.11241757952735,2.1493235284125527,1,34.29737856885149
50.96120776940983,81.81227436543047,0.16709492250489716,0,23.401672045637934
45.377247112949576,45.63734253962094,11.368487136501377,1,55.59074379801099
45.65503772567684,92.3581061566339,1.9439999147721998,0,4.4482887553934525
46.908278765313604,57.9725980521526,27.59705105791522,0,37.98132069388825
52.22133771633713,24.21593405518132,49.19616465792632,1,84.1969893641006
45.212513783365225,72.63092063519221,11.383965114424754,0,17.390960242222157
62.55756125573521,81.3935215394429,5.987311649906385,0,37.57065683986231
41.05392697780496,38.5085509360774,11.397480650666909,1,53.84146154067398
48.13128355838641,87.14613312988777,25.707115039121188,0,19.442829080935113
45.60268941725825,91.55289292891898,0.1819079921445722,1,21.93965379444293
64.46977884353733,34.921403864002805,17.80534544578956,1,92.77485793800372
51.965547765115744,98.51693254436998,19.001691557042914,1,19.84445526653725
60.31844539468635,22.664037524388256,20.305004827063357,1,98.9792211941852
35.14439626963028,28.181410156224096,5.5420204605280325,1,53.706206661205506
52.67050265869259,26.580235531422353,25.038956652646732,0,67.941962737663
58.89630795623437,90.45907390070833,1.91681911211672,0,32.6991136519657
50.82283989275424,68.88632970924657,4.444637751787968,0,30.064729181149158
60.654803750653514,23.68938549000456,41.98799523561042,1,102.48438623740186
44.82711549899628,49.62910765315141,26.843494172906585,1,49.230854108385586
64.0934744018558,65.37682225628218,0.27681797717852963,1,56.49394915386685
72.9889812361925,17.511767649044497,5.710388529673615,1,112.02426511079486
46.37161439560341,89.41747315666049,4.826315485169453,0,12.794440297919428
45.54497478599228,82.32431818973816,6.316318285385556,0,15.596936463714355
64.533844771177,55.46860962189744,5.688674289142449,1,68.75918991706723
65.79572145730712,97.04139537332534,1.291331406466294,1,44.152509535917154
44.771399728467316,47.59848813475897,12.28452110684271,0,43.86998799332618
45.798131829041424,98.56992871328481,26.39017793398541,1,22.390835873845703
47.18215391139493,70.11279989232644,18.665265313898345,1,43.20635568962947
36.555494889657226,67.12041459285473,22.348054686062937,1,26.202792523035246
40.81348053515802,24.935940576620652,1.692629936563899,0,55.13144095365254
39.95859233247932,89.37349824741796,60.519999132680276,0,14.651572782556588
42.32202434895871,48.474071912855365,36.46399146316578,1,57.92818510882265
49.65315112613219,24.60100652042314,32.70437998976395,0,77.97979158663108
52.342147325365204,11.134676797818313,34.630281073094615,1,98.51257201524784
65.50500492814076,60.37801152745443,53.975023863927674,1,86.1727853468472
40.016459592612094,57.46596599104087,15.716391357000706,0,26.87194536897486
59.843223984765835,74.74182601322427,4.469922715986941,1,58.96697283791912
47.86011155774491,90.1232247716022,19.183109135951565,1,22.34396811097293
49.50536290347567,17.146592617872656,27.16436372469671,0,70.55411733821346
56.74819492166604,75.83468413063261,26.781910647468013,1,53.08479785783804
38.772779784377015,26.8670749687824,14.739850823934304,1,64.96244123315813
53.82409746184051,87.23593478414476,1.4182954717407414,1,36.99531866558614
51.66452208213056,83.71571624754905,9.276071815125889,0,21.83837450189805
54.92451264008149,58.671437948698994,50.70714917406533,1,69.97736862132801
52.89168643907818,73.92185187609803,17.562994227461633,0,34.789515893105666
74.55300139910895,38.29151018653735,15.458182760697724,1,101.11395483512892
43.62260015748684,52.405110903953315,6.262828971717277,1,50.52361908776203
44.690030449981826,83.94732079394245,9.191529071062943,1,19.170664194214382
43.76859473575236,51.33386774558925,45.14192920118012,1,66.30566772074198
44.44522880839745,42.20184387928976,21.960032354921303,0,52.85571065449285
43.62612872693482,54.47912025252699,30.96563586149921,0,47.04780802510159
61.89016531107552,84.54243271934965,12.115382928425971,1,49.97546238147003
64.20504247989855,40.16872426337855,19.898413147100435,1,88.40927708421742
44.29253706250524,25.63854338221694,5.710584063926763,1,58.03924137276047
41.67644426895771,74.08126182977027,24.446865612079684,1,30.36853077088727
54.71415556386404,84.33803914372736,11.158391226447247,1,43.85039755133684
44.477769557190285,19.057373067118,11.687488398079504,1,78.36305501713366
56.32931817755511,31.588670148035025,20.957755621064074,1,78.1334507650151
52.029230208513,22.77747907848945,55.06533094219477,1,91.79167955555899
34.84255885002768,41.31472704239499,1.3229316618459817,0,27.983912742756214
65.47505201330061,50.53158810148714,34.83006330414304,0,71.31053932919039
67.95877673095522,77.39437032669758,6.917048962922712,0,57.79396676541336
43.87211309515614,68.60328263935068,11.736842584557927,1,32.68697291184307
46.122984400640156,65.8835710730588,0.44313983978938787,1,37.22196704587078
52.85865390724905,41.71374519486889,7.163409171392776,1,64.9776351163238
53.34456789987025,85.7302797776284,13.968471229352586,0,25.249504845672906
56.5854427267283,52.41584506583481,1.1563130569590998,1,63.49874153369305
70.1020453876635,98.11944442136391,13.509907071279493,0,44.44438121508424
48.2305277250595,67.07279244661632,52.376249022491564,1,54.24842217031197
42.01702755461546,21.363826740805244,2.2274201418164914,0,50.09678054750275
36.20680771985473,70.85598058678906,28.915854234776024,0,19.98340479337734
42.69069960058081,39.25936138885291,10.541507215946503,0,52.98503493591954
49.66873027126203,71.76944770174876,21.294290182402463,1,46.35220523458529
67.94557863517788,16.267703334616517,6.0284974182913045,0,102.32011591857831
44.823887009638284,25.739329345836346,3.4749824079036657,1,58.30968506897578
52.237879516388986,87.01635330152077,3.498085402564379,1,34.283604780757095
49.83577103927248,30.44616013211634,1.4619961320134336,1,63.39310171117599
61.88393273448084,85.3337012718646,4.107219673553782,1,41.939849475822676
75.26932425873622,35.134847960896934,21.825945275726642,1,106.16051936089929
44.69131227079679,67.8593719052837,42.6890430451639,0,43.301617658113635
45.10560557481778,72.47355161588479,33.65369125322815,1,46.773108750423994
60.44160877069072,56.13892778305476,23.11218223272914,1,74.51384198798849
56.81891489626312,37.47796090270582,2.3403834762126294,1,67.03241195591474
68.46707325736034,29.13799387339865,6.826930429688593,1,98.37069004662835
55.839281853259635,12.987041910618359,7.4156765943192715,1,93.40119646526105
46.40707909212941,37.355176111665145,5.752493385924038,0,51.06542452369872
55.90654830692309,68.78465114781548,14.472361152346537,0,35.83330708521403
61.087035805829075,94.44743366036344,15.33819165879688,1,40.667218404028894
58.204821811973645,88.40840340367468,8.828664758345155,0,32.74956094214815
55.07274031107298,78.94582988817723,8.732588975696643,0,37.648260785180355
60.666746895891535,80.96026089279688,35.26992501954175,1,48.92827611924228
61.692955904456724,69.84864131283958,31.145720325381564,0,57.17848115791257
63.82158991037527,33.42581718094027,7.357486519134074,1,90.25680264403971
56.48709887589643,91.64755276352469,49.019020970056665,0,44.531127612975425
48.328819196831454,70.36590807152507,61.073591876920105,0,50.02345862944285
51.46713686433323,60.439656788239596,7.912549395755804,0,45.1795669575029
62.06508966508357,19.989052229213296,8.75227614248373,1,92.73127824641149
41.83064329012764,50.23499894257829,14.089589115417203,0,27.26833172439529
53.686733088729014,51.43224440817337,56.64535208962705,0,64.55587038895328
46.06661187672639,87.8107248570403,41.801062217855744,1,40.1808882065609
50.28744822934817,59.19833981690096,2.1643577162810854,1,56.60891442469807
62.78451862607299,44.23604940733687,9.975660004680954,0,74.7569868668669
51.910990680199035,97.91202956595934,16.120548629363473,1,31.31093402694472
50.46436548156149,19.96485339936841,13.988636655681363,0,72.81594008141857
36.40143859020081,48.02935854807502,4.310033200163549,0,24.494023127893875
57.46253566027221,13.782220765426477,39.15393473911706,1,102.6421279085768
56.45484181141075,76.59137086902373,22.598392763761133,1,61.193168567059516
71.6325472330546,92.62688969792356,36.39187032598882,1,63.814769129872666
46.92221765046999,35.20335965954405,39.146500136108564,0,70.558818708406
52.19150327663939,87.25075091192087,27.594786143395027,1,38.880024347172686
52.49383683710755,36.2996407415708,11.568196944761544,0,68.42862636546563
65.77453279763475,91.96931454795237,18.860229188540995,1,47.907272721960084
49.047044676130476,77.85657132371055,3.495769781466068,0,28.0492190278614
52.790215257703395,82.44160991572947,22.39541624499114,1,39.51097013930371
56.078965097165394,11.620590004040904,3.950813787878043,0,75.09294281966193
51.86609123156358,96.65293213666233,23.680109074049525,1,33.33878728595133
45.535663854494715,75.40038928632909,5.216860622201293,0,27.135640410951947
51.94089992898308,37.427598584752,2.5010924469232565,1,63.23765142525772
60.73631749859772,84.64551983729622,3.6132863788609697,1,40.44151847315552
39.7348470058894,35.3369078573437,0.03988244319421252,0,39.419175919977
51.32969674146876,88.54784556095152,25.36948823692528,1,37.18472304672876
42.99879185060827,20.132235137074332,26.365317419676025,0,66.05681654363568
61.950466289248425,73.33173797147163,14.469379492541023,0,55.68226955842725
34.76813095216225,58.66286289804193,3.519541736815098,1,26.84697901429609
44.410781527284115,18.688102317589674,1.7450500304804182,0,68.33553225172885
53.772118750645205,31.770444543295508,0.3862858463429933,1,74.65592642224031
65.65524029234341,11.11636326495833,3.624399522301358,1,105.05659347970018
49.34249738927012,52.189116891805526,44.30165814299269,0,47.71402490702498
44.44800473306802,37.11387346840003,5.529221063236709,1,56.03776438911218
68.8115706944059,63.852173586798294,8.747517492021876,0,64.46315505140093
35.51986099583756,36.751402693775546,2.2263530282193345,0,38.02323949798661
28.011940433799182,36.99272003562862,5.0298652932336605,1,34.94438433406311
54.40014450053332,76.8873878858443,14.647100020383288,1,41.276329628660875
44.97945775647389,14.33285523805181,18.717254553234795,0,68.9126362661002
39.787671828692865,91.26054956727886,5.630085598475739,0,5.845804584132096
57.08356447299353,86.70374869520633,1.1893142557536307,1,47.92967369651112
52.43800713771199,70.10242149037659,9.919819700467515,1,51.99878141051493
44.359213692632714,63.389941309664586,5.336772835701117,1,42.57112674445158
37.19695601329106,90.3072248325687,4.9577925894404595,1,9.36814438704645
58.724573282801444,26.6797161575843,64.30903523012014,0,95.64532921004646
56.50201177958661,17.107224597174575,19.157910963019937,1,99.77285824379449
49.00824136220617,31.55591529185843,16.278223038618904,0,54.64280126319577
68.46636996047665,81.51204508301713,10.749385471559503,0,52.118742387986075
39.29915233673847,13.120324005383498,11.205371689269441,1,64.2632694643389
34.74474829075261,62.45261515751407,15.569962540396327,0,19.96704618161859
43.080919301187556,99.5893764572179,23.842848338476102,1,23.21278081152558
49.54413983644502,87.01264844537855,24.223043366700917,0,22.68939741930745
52.43339449322692,56.93011201392305,3.767450324524554,1,42.977726590104425
47.5876394214367,15.72768183579781,13.867454202861678,0,67.47121438283273
53.520553965142966,84.82361629471389,10.619141333481446,0,33.6574106015462
37.48460575809556,63.90806573594895,40.88565306533237,1,41.44510805632818
64.4376460407326,20.343969735361014,19.9618913544742,1,105.54518889174133
49.178488216074314,18.44715563410206,15.20729257014458,0,69.016944641911
61.172958315881274,91.86641374929332,2.4522731358721375,0,26.793476108979313
53.42725346377704,70.22802366442706,18.609714582654714,1,54.14064961348538
54.567532191537836,84.635811938508,2.493220576106955,0,24.182787053010117
55.69767280232204,89.10810102540405,8.225838287374609,1,49.559073638814894
54.47708560017315,61.459511684348996,3.0826594453485052,0,47.471304096592554
56.42722759867544,56.570171657953715,23.55789276632577,1,64.20584755457354
63.29152530132431,48.73846692888912,4.6197878375889285,0,64.14937121609763
51.9652116970147,38.52519290120074,9.946982593233697,1,68.4995562595837
57.09003757588512,49.11363647728406,45.2048424177426,1,78.61945394494288
49.102643057127736,79.64916901571408,4.571072774603071,0,29.85503698472244
64.40117215449473,64.17310879136184,14.17760858989938,1,71.86594550347886
43.2360769794073,90.32709609593614,10.869444132684809,0,6.227822747218456
68.00940432910815,49.90420129412689,0.365805866331303,1,91.64311077345171
49.59842049355657,64.63806208468786,31.477372689118486,1,53.84074074539001
35.69224897881952,66.81767977827899,1.43090623058744,1,26.039467872454715
51.28104414910789,63.2527446075693,12.858780291350485,0,38.46114654854468
43.18948342525119,73.23703957769646,16.450466418653058,1,35.2690154978078
58.406435489887244,31.369012153732566,19.800169421281836,0,78.14694550931858
43.47376020697609,56.11273997912116,23.33557192114379,1,38.4841474409417
45.538165667852205,19.38023225275129,5.8410959384398895,0,71.56979025868756
31.104592690544692,44.60601948803313,0.20057796729096083,0,26.946071088993875
45.47693680750923,53.8900361759138,25.70681451978797,0,41.21844766333065
25.761206733710434,68.70018335909252,15.342618257453886,1,4.643118524157775
34.16097176514277,95.54779473275832,36.172136226257706,0,1.94745027167841
57.604146561442974,64.05859598935203,34.450829106628916,1,67.33393987867869
57.85800158650832,76.92345245589038,37.071782729358425,0,50.840465222262885
54.254575617849646,55.56394535456825,13.275444019965388,0,52.427621865536764
40.33023856870787,67.06936282386982,8.118155996739768,0,23.513455621904495
49.5228864385802,16.383899452039607,31.361908516638586,0,84.4607010933932
49.963974609094315,32.89524227576623,12.003854120645412,1,73.36096458244195
38.416353108074574,42.56677838846248,4.0531514943085805,0,28.795452743930994
65.0339830176715,52.524401950586224,38.61684754346913,0,84.18176168769989
58.77362290575671,14.108387095214535,42.83653329669396,1,114.33859619843452
47.79035826170336,22.60216877979859,12.55879352009015,0,80.39194097528349
50.26885838994531,34.91328770121752,1.574365793759157,0,50.818825765995456
52.08382807947552,97.43794218109456,9.81477740070299,0,19.07802587840937
29.582651315757094,39.82123063927457,32.54569034498877,0,20.85232911369514
47.52822617479403,53.383695230087426,46.409692469995335,1,65.61240612402449
43.180157520022014,27.648794146455366,4.549878572401703,1,59.040042458400904
39.983799901050844,64.97020639681915,1.3864359120726946,0,29.529715121549437
47.18899707114045,35.26148939643769,41.96848405608286,1,69.81792339593625
67.97686526849523,28.62933205945841,9.866425748892519,1,91.4387779959534
56.4084286126701,56.491536560138115,15.60728637874271,0,52.39443453701869
44.28821010217203,10.495521924437874,68.88156241058422,1,84.8724796732411
55.72582781356159,10.68976293843028,1.3776731471825467,0,85.2747068801325
